frame,timestamp,x_cm,y_cm,x_velocity_cm_per_s,y_velocity_cm_per_s,z_particle_velocity_cm_per_s
906,-0.0229812523434596,5.313785046728972,0.2207943925233644,-1.9190333184952988,1.4828893824736389,-2.561214953271012
911,0.1457660917385332,4.989953271028037,0.4710280373831775,-1.8318045312909863,1.570118169677987,-2.529099405267628
916,0.3145134358205226,4.695560747663551,0.7507009345794392,-1.2648174144628372,1.5265037760758369,-2.0875106202208995
921,0.4832607799025119,4.563084112149532,0.986214953271028,-0.7414446912368355,1.5701181696780038,-0.6423109600679691
926,0.6520081239845013,4.445327102803738,1.280607476635514,-0.6542159040324993,1.133974233656336,-0.9935747663551444
931,0.8207554680664906,4.3422897196261685,1.36892523364486,-0.4797583296238321,0.3053007552151676,1.5254885301614265
936,0.98950281214848,4.283411214953271,1.3836448598130842,-0.3053007552151676,-0.2180719680108339,-5.740654205607475
941,1.1582501562304692,4.239252336448598,1.2953271028037383,-0.0436143936021668,-0.9595166592476688,-2.0738901869158872
946,1.3269975003124586,4.268691588785047,1.0598130841121496,0.130843180806499,-1.1775886272584906,1.3672268152408331
951,1.4957448443944514,4.283411214953271,0.8978971962616822,0.0436143936021668,-1.9190333184953376,2.288232795242138
974,2.271982627171603,19.341588785046728,11.95233644859813,4.1918278295415545,-0.2180719680108324,-3.492565845369579
984,2.6094773153355817,20.710514018691587,12.025934579439252,3.3608738599316776,0.2822107821316679,-1.1106627017841957
991,2.845723597050366,21.26985981308411,12.114252336448596,1.9263023840956912,0.181726640009027,-0.6129515971544165
996,3.014470941132359,21.49065420560748,12.099532710280371,0.8722878720433359,0.0,0.4817332200509764
1001,3.1832182852143447,21.5642523364486,12.114252336448596,0.1744575744086672,-0.1744575744086672,0.2810110450297364
1006,3.3519656292963376,21.54953271028037,12.040654205607476,-1.0467454464519812,-0.8286734784411517,-0.5620220900594726
1011,3.5207129733783304,21.210981308411213,11.834579439252336,-1.482889382473671,-0.0436143936021668,-1.7663551401869135
1016,3.689460317460316,21.049065420560748,12.025934579439252,-1.030885666960312,0.6343911796678844,-0.9634664401019528
1022,3.891957130358705,20.82827102803738,12.070093457943925,0.036345328001801,-0.8722878720433298,4.113084112149541
1028,4.094453943257093,21.06378504672897,11.672663551401868,2.3393174750253283,-1.1894834618772832,-6.021665250637206
1033,4.263201287339079,21.696728971962617,11.628504672897195,2.224334073710512,-0.7414446912368355,0.3211554800339845
1038,4.431948631421072,21.81448598130841,11.422429906542057,-0.3053007552151728,1.3956605952693375,2.5759345794392523
1043,4.600695975503058,21.593691588785045,12.099532710280371,-2.18071968010834,0.3053007552151676,0.986214953271028
1048,4.769443319585051,21.0785046728972,11.525467289719623,-1.4670296029819496,-13.282565324296064,-3.733432455395068
1059,5.140687476565425,20.34252336448598,4.20981308411215,-4.638985501321399,-12.489576349711465,-1.4853440951571772
1070,5.511931633545807,17.751869158878502,4.10677570093458,-5.626256774679511,9.464323411670188,-0.3211554800339845
1075,5.680678977627792,17.42803738317757,5.725934579439252,-2.92216437134517,9.900467347691857,4.536321155480027
1080,5.849426321709785,16.765654205607476,7.448130841121495,0.079298897458484,11.537989580209418,4.415887850467283
1086,6.051923134608174,17.45747663551402,10.009345794392525,5.15442833480156,12.767122490816163,2.087510620220898
1091,6.22067047869016,18.67920560747664,12.18785046728972,4.274210573012335,5.408184806668678,-1.3615654205607512
1096,6.3894178227721525,18.9,11.834579439252336,0.8722878720433176,-2.398791648119124,2.649532710280374
1101,6.558165166854145,18.97359813084112,11.378271028037382,-0.6106015104303352,-2.660478009732169,4.2299557304476165
1106,6.726912510936131,18.69392523364486,10.936682242990656,-0.8286734784411744,-0.8286734784411639,7.016355140186899
1111,6.895659855018124,18.69392523364486,11.098598130841122,0.47975832962384,0.6978302976346688,1.4050552251486823
1116,7.06440719910011,18.855841121495327,11.172196261682243,1.1775886272585088,-3.576380275377677,-2.569243840271876
1121,7.233154543182103,19.09135514018692,9.891588785046729,1.7049262953574018,-12.449926900981986,-1.7663551401869149
1132,7.604398700162477,19.4446261682243,4.003738317757009,0.2180719680108392,-12.212030208606697,-2.368521665250631
1148,8.144390201224844,15.64696261682243,4.136214953271028,-2.398791648119174,6.280472678712015,-1.846644010195406
1153,8.313137545306837,15.470327102803738,5.048831775700934,0.5669871168281684,6.19324389150768,-1.324766355140186
1158,8.481884889388823,15.838317757009346,6.226401869158878,3.05300755215167,7.54529009317485,-2.0072217502124032
1163,8.650632233470816,16.500700934579438,7.595327102803738,2.529634828925621,8.940950688443998,-1.3983644859813142
1168,8.819379577552809,16.692056074766356,9.24392523364486,2.3987916481191798,7.8069764547878515,-3.0911214953271138
1173,8.988126921634795,17.310280373831777,10.230140186915888,6.193243891507675,6.716616614733682,-3.211554800339843
1178,9.156874265716787,18.782242990654204,11.5107476635514,5.320956019464338,5.626256774679511,-0.1605777400169922
1183,9.325621609798771,19.10607476635514,12.128971962616822,0.1744575744086672,1.09035984005417,-0.2408666100254883
1188,9.494368953880766,18.8411214953271,11.878738317757009,-0.5233727232260016,-2.0934908929040064,0.040144435004248
1193,9.663116297962752,18.929439252336447,11.422429906542057,2.311562860914845,-5.626256774679511,-0.040144435004248
1198,9.831863642044745,19.62126168224299,9.979906542056074,2.4860204353235127,-9.289865837261518,0.6021665250637209
1203,10.00061098612673,19.768457943925235,8.28714953271028,-0.3489151488173344,-8.504806752422521,2.4287383177570194
1208,10.169358330208723,19.5035046728972,7.109579439252336,0.7414446912368147,-5.800714349088059,1.6559579439252383
1213,10.338105674290716,20.01869158878505,6.329439252336448,2.660478009732169,-2.00626210569967,-0.9233220050977056
1218,10.506853018372702,20.40140186915888,6.432476635514019,3.8380666369906784,1.5701181696780049,0.4014443500424806
1223,10.675600362454697,21.314018691588785,6.859345794392524,3.0966219457538373,3.0093931585495066,3.4524214103653312
1228,10.84434770653668,21.4464953271028,7.448130841121495,-1.1775886272585088,5.320956019464346,2.368521665250636
1233,11.013095050618674,20.916588785046727,8.655140186915888,-2.747706796936503,7.196374944357516,-1.24447748513169
1238,11.18184239470066,20.519158878504676,9.876869158878504,-1.2212030208606703,8.068662816400847,-4.054587935429052
1243,11.350589738782652,20.504439252336446,11.378271028037382,2.006262105699673,5.626256774679511,-3.311915887850479
1248,11.519337082864638,21.19626168224299,11.775700934579438,3.271079520162515,-7.28360373156185,-1.950350467289728
1258,11.856831771028624,22.07943925233645,5.946728971962616,0.8722878720433359,-9.726009773283186,-1.565632965165672
1263,12.02557911511061,21.90280373831776,5.637616822429907,0.4361439360216679,2.7477067969365083,-0.4415887850467255
1268,12.194326459192602,22.22663551401869,6.874065420560748,2.660478009732169,7.1527605507553496,0.7065420560747651
1273,12.363073803274588,22.80070093457944,8.051635514018692,1.7881901376888334,7.3272181251640145,0.1471962616822436
1278,12.53182114735658,22.830140186915887,9.34696261682243,1.2212030208606703,7.8069764547878515,-3.532710280373827
1283,12.700568491438569,23.21285046728972,10.68644859813084,1.2748822745248736,5.133078631639618,-2.448810535259132
1331,14.320542994625669,7.271495327102803,6.7121495327102805,-0.4167597610873718,-4.933272520778407,0.6991822429906571
1355,15.130530246219225,16.353504672897195,13.497897196261682,-1.3772966400684206,0.2984142720148244,0.772780373831779
1365,15.468024934383202,22.15303738317757,6.432476635514019,1.3956605952693082,7.109146157153033,0.6824553950722171
1412,17.054249968753908,7.8014018691588785,6.91822429906542,1.526503776075838,0.6978302976346688,-1.5656329651656744
1417,17.222997312835894,7.816121495327103,6.9035046728971965,0.0436143936021668,-0.0872287872043309,5.580076465590476
1422,17.391744656917886,7.816121495327103,6.888785046728972,0.0,-0.0436143936021668,-2.1276550552251425
1427,17.560492000999872,7.816121495327103,6.888785046728972,-1.6137325632801716,-0.5669871168281684,-4.63668224299067
1432,17.729239345081865,7.271495327102803,6.697429906542056,-1.8754189248931723,0.6978302976346661,-3.900700934579453
1437,17.89798668916385,7.1831775700934575,7.12429906542056,0.0872287872043336,0.0436143936021668,-3.733432455395068
1442,18.066734033245844,7.300934579439252,6.7121495327102805,0.0872287872043317,0.0,-2.9706881903143545
1464,18.8092223472066,23.0803738317757,6.138084112149532,0.0,1.9190333184953392,-4.375743415463036
1469,18.977969691288585,23.580841121495325,6.888785046728972,1.352046201667176,4.623125721829678,-3.773576890399315
1474,19.14671703537058,23.53668224299065,7.698364485981308,0.0872287872043317,5.3209560194642345,1.3649107901444342
1529,21.002937820272464,7.830841121495327,6.932943925233644,-0.2180719680108336,-1.8238746415451528,3.6129991503823233
1577,22.62291232345957,20.636915887850467,5.490420560747664,-5.146498445055672,8.33034917801385,-0.2575934579439263
1582,22.79165966754156,20.003971962616824,7.12429906542056,-3.009393158549504,10.90359840054169,-2.3919392523364587
1587,22.960407011623545,19.62126168224299,9.170327102803736,0.6978302976346582,15.046965792747535,-1.60577740016992
1592,23.129154355705538,20.23948598130841,12.202570093457943,6.106015104303341,5.757099955486018,1.4050552251486823
1597,23.297901699787523,21.68200934579439,11.113317757009346,4.266625461081528,-1.0239901106595677,2.890399320305858
1615,23.90539213848269,23.55140186915888,11.40771028037383,2.2755335792434623,-2.0669430011461447,1.3649107901444342
1620,24.07413948256468,23.44836448598131,9.508878504672897,0.3053007552151728,-4.448668147421008,4.668224299065472
1625,24.242886826646668,23.65443925233645,9.906308411214953,-2.2642366040273774,1.2573936878922527,4.687634795111388
1714,27.246589551306087,16.26518691588785,13.497897196261682,-5.454047364889504,1.71310143942531,1.846644010195411
1728,27.719082114735656,6.432476635514019,15.470327102803738,2.815110859776183,-0.4757933847509041,3.8940101954120574
1733,27.88782945881765,6.844626168224299,15.33785046728972,2.180719680108337,-0.6978302976346688,2.328377230246383
1738,28.056576802899635,7.168457943925233,15.23481308411215,1.3084318080650013,0.1744575744086672,-0.0802888700084961
1761,28.832814585676797,6.800467289719626,15.808878504672895,0.3019458018611583,0.4696934695617955,-2.097546728971968
1771,29.17030927384077,24.390420560747664,9.921028037383175,-1.2212030208606703,-3.489151488173344,-2.18034462616823
1776,29.33905661792276,24.21378504672897,9.538317757009343,-0.832638423314103,-0.2775461411046994,0.0802888700084961
1782,29.541553430821143,24.081308411214952,9.817990654205609,-1.063100844052813,-5.5472056862755705,0.8430331350892093
1808,30.41903962004749,23.06565420560748,3.547429906542056,-2.4902411830914457,-5.34628050607203,-2.8502548853016125
1813,30.587786964129485,21.47593457943925,4.224532710280374,-6.803845401938021,4.143367392205843,-2.5692438402718736
1818,30.75653430821147,20.769392523364484,4.945794392523364,-3.7072234561841726,4.753968902636176,-3.5327102803738444
1823,30.925281652293464,20.224766355140183,5.828971962616822,-3.7072234561841726,6.585773433927181,-4.084696261682258
1828,31.09402899637545,19.51822429906542,7.168457943925233,-2.311562860914835,8.54842114602469,-0.923322005097703
1833,31.26277634045744,19.4446261682243,8.714018691588786,1.9626477120974597,9.333480230863492,2.1276550552251448
1838,31.431523684539435,20.18060747663551,10.318457943925234,4.638985501321399,7.969539194577788,-0.0802888700084961
1844,31.634020497437817,21.166822429906546,11.672663551401868,2.3703474783786302,1.839389643221813,-2.047366185216649
1861,32.20776146731659,22.020560747663552,11.74626168224299,1.1048979712548843,0.0436143936021664,-0.2408666100254883
1874,32.64650456192976,22.28551401869159,11.71682242990654,1.0176691840505576,0.0726906560036116,-1.6057774001699223
1879,32.815251906011746,22.63878504672897,11.790420560747664,2.137105286506168,0.2180719680108339,0.8341121495327074
1884,32.98399925009374,23.00677570093458,11.790420560747664,2.224334073710465,-0.8722878720433176,2.88194786030497
1889,33.15274659417573,23.38948598130841,11.496028037383176,2.18071968010834,-1.0031310528498365,5.151869158878524
1894,33.32149393825772,23.742757009345794,11.451869158878504,-2.411619410943373,4.951516450128413,6.944987255734908
1906,33.72648756405449,22.00584112149533,14.336915887850466,-0.3715300195740128,-9.385171364021744,2.769966015293112
1921,34.232729596300466,23.404205607476637,2.8997663551401867,1.6573469568823034,-13.607690803875744,3.813721325403566
1926,34.40147694038246,23.124532710280373,5.151869158878505,-3.4891514881734067,13.73853398468282,4.295454545454543
1931,34.57022428446444,22.22663551401869,7.536448598130841,-5.059269657851455,12.517330963822124,-7.3966121495327375
1936,34.73897162854643,21.417056074766357,9.376401869158878,-3.1838507329581143,11.20889915575662,-2.930543755310106
1941,34.90771897262842,21.15210280373832,11.319392523364485,0.0,8.286734784411513,-1.24447748513169
1946,35.076466316710416,21.417056074766357,12.173130841121496,1.3084318080650317,2.9221643713452368,-1.6860662701784186
1951,35.245213660792395,21.593691588785045,12.305607476635512,1.3956605952693668,-1.744575744086709,-5.0983432455395015
1956,35.41396100487439,21.88808411214953,11.584345794392522,1.0903598400541523,-2.0934908929039624,-4.737043330501266
1961,35.58270834895638,21.96168224299065,11.599065420560748,-0.3925295424194877,1.2648174144628106,-2.087510620220897
1966,35.75145569303837,21.755607476635515,12.011214953271027,-0.6106015104303223,-0.6978302976346541,1.803154205607482
1971,35.920203037120366,21.755607476635515,11.363551401869158,-0.9159022656455272,-1.3084318080650317,2.689677145284566
1976,36.088950381202345,21.4464953271028,11.569626168224298,-3.0966219457539133,2.442406041721392,-0.8430331350892257
1981,36.25769772528434,20.710514018691587,12.18785046728972,-0.1308431808064923,-1.5701181696779665,-4.383177570093499
1986,36.42644506936633,21.40233644859813,11.039719626168225,1.9190333184952988,-2.878549977742942,-4.415887850467262
1991,36.59519241344832,21.358177570093456,11.216355140186916,-1.4828893824737024,2.7477067969365607,-0.1456787744484053
1996,36.7639397575303,20.901869158878505,11.967056074766354,-0.1744575744086708,0.4797583296238396,0.0035046728971962
2001,36.932687101612295,21.29929906542056,11.378271028037382,-1.2648174144628157,0.2180719680108294,0.2582877799329925
2006,37.10143444569429,20.475,12.040654205607476,-2.96577876494728,0.2616863616129953,0.287992685900041
2011,37.27018178977628,20.298364485981303,11.466588785046728,1.0031310528498203,-0.8286734784411517,2.127655055225105
2016,37.438929133858274,20.81355140186916,11.760981308411214,0.6230627657452419,-3.676070317896923,5.814252336448722
2025,37.74267435320585,20.592757009345792,9.72967289719626,0.1246125531490483,-3.084160690438944,5.499787595582086
2030,37.91142169728784,20.872429906542056,10.30373831775701,2.529634828925621,6.93468858274437,2.075467289719567
2035,38.08016904136984,21.4464953271028,12.070093457943925,1.352046201667194,5.451799200270959,2.6093882752760718
2040,38.24891638545181,21.328738317757008,12.143691588785046,0.7414446912368564,0.1744575744086708,0.993574766355162
2045,38.41766372953381,21.696728971962617,12.128971962616822,2.3551772545169576,-0.6978302976346541,-0.2007221750212442
2050,38.5864110736158,22.12359813084112,11.908177570093455,2.2243340737104544,-0.9159022656454836,3.135280373831686
2055,38.75515841769779,22.44742990654205,11.819859813084111,1.0031310528498627,-0.4797583296238449,3.412276975361152
2060,38.92390576177977,22.46214953271028,11.74626168224299,0.4797583296238501,0.610601510430348,-0.240866610025493
2065,39.09265310586176,22.609345794392524,12.025934579439252,1.00313105284981,0.7850590848389858,-5.431542056074613
2070,39.26140044994376,22.80070093457944,12.011214953271027,0.9595166592476388,-0.0872287872043317,-5.901231945624347
2075,39.43014779402575,22.933177570093456,11.996495327102805,0.0436143936021606,-0.3925295424194929,-4.820677570093561
2080,39.59889513810774,22.81542056074766,11.878738317757009,0.1744575744086708,-0.1744575744086708,-0.404789719626176
2085,39.76764248218972,22.992056074766356,11.937616822429906,1.1775886272585336,-0.1744575744086708,-0.5218776550552141
2090,39.936389826271714,23.21285046728972,11.819859813084111,0.7414446912368252,-0.74144469123682,-3.48855140186906
2095,40.10513717035371,23.242289719626168,11.687383177570092,0.036345328001801,-0.1090359840054162,-1.6860662701784508
2102,40.34138345206849,23.227570093457945,11.775700934579438,-0.9086332000451396,0.2180719680108324,-1.445199660152957
2107,40.51013079615048,22.87429906542056,11.775700934579438,-0.0872287872043317,-0.348915148817327,0.735981308411215
2112,40.67887814023248,23.198130841121493,11.657943925233644,1.4538131200722164,-0.2180719680108324,2.1002393435149296
2119,40.91512442194726,23.46308411214953,11.687383177570092,0.7753669973718669,-3.53761192550914,-1.0270660506143017
2130,41.28636857892763,23.66915887850467,9.508878504672897,-0.1635539760081272,-5.915202132293928,-0.0697245450073791
2135,41.45511592300962,23.374766355140185,8.493224299065421,-0.1744575744086635,-3.0093931585494405,1.030373831775686
2140,41.623863267091615,23.61028037383177,8.493224299065421,0.6978302976346541,1.4392749888714689,0.0630841121495324
2145,41.79261061117361,23.61028037383177,8.978971962616821,-0.5233727232260126,5.62625677467963,0.2078064870808124
2150,41.96135795525559,23.43364485981308,10.392056074766357,-0.8979433976916785,4.335783834568402,0.9521758177570128
2162,42.36635158105236,23.095093457943925,11.466588785046728,-1.1288431285266576,2.5912080904816426,1.124044180118967
2167,42.53509892513436,22.785981308411213,11.878738317757009,-4.012524211399261,1.1339742336563128,3.0509770603227917
2172,42.70384626921635,21.74088785046729,11.84929906542056,-4.044243770382676,0.0,1.4351635514018486
2178,42.90634308211474,21.284579439252337,11.878738317757009,-1.2291329106064977,0.4757933847509041,-1.0303738317757225
2183,43.07509042619673,21.284579439252337,12.025934579439252,-0.8286734784411919,1.6137325632802055,0.1471962616822462
2188,43.24383777027871,21.004906542056077,12.423364485981308,-1.221203020860696,-1.3084318080650317,-3.3721325403567697
2193,43.4125851143607,20.872429906542056,11.584345794392522,-0.8722878720433176,-1.3956605952693082,-2.9586448598129995
2198,43.581332458442695,20.710514018691587,11.95233644859813,-1.7445757440866352,1.48288938247364,0.8028887000849765
2203,43.75007980252469,20.283644859813084,12.084813084112149,-3.881681030592758,-1.1339742336563128,0.2408666100254927
2208,43.91882714660668,19.400467289719625,11.569626168224298,-5.233727232260126,-0.2616863616130063,0.0441588785046716
2213,44.08757449068866,18.517289719626167,11.996495327102805,-0.7850590848390189,0.9595166592476898,2.4488105352591774
2218,44.25632183477065,19.135514018691588,11.893457943925233,0.5669871168281617,-0.5669871168281564,1.8466440101954456
2223,44.425069178852645,18.708644859813084,11.805140186915889,-2.0062621056996304,0.348915148817327,2.3685216652505887
2228,44.59381652293464,18.45841121495327,12.011214953271027,-1.0467454464520252,0.8722878720433543,3.974299065420478
2233,44.76256386701662,18.3553738317757,12.099532710280371,-1.0903598400541876,-1.090359840054193,2.167799490229435
2238,44.93131121109861,18.090420560747663,11.64322429906542,0.1308431808064923,-0.0436143936021658,2.171144859813131
2243,45.1000585551806,18.39953271028037,12.084813084112149,3.227465126560275,0.0872287872043317,6.663976210705044
2248,45.2688058992626,19.179672897196262,11.672663551401868,3.532765881775441,-4.012524211399255,6.579672897196073
2253,45.43755324334459,19.591822429906543,10.730607476635514,1.657346956882373,-3.4455370945712445,0.762744265080728
2258,45.60630058742657,19.739018691588782,10.50981308411215,-1.4828893824737024,1.0467454464520252,-0.3211554800339907
2263,45.77504793150856,19.09135514018692,11.083878504672898,-0.9595166592476494,4.841197689840407,-2.649532710280297
2268,45.94379527559055,19.41518691588785,12.143691588785046,3.140236339355933,-0.74144469123682,-0.8028887000849768
2273,46.11254261967255,20.151168224299063,10.833644859813084,4.099752998603755,-0.610601510430348,2.127655055225186
2278,46.28128996375453,20.798831775700933,11.937616822429906,0.9159022656455272,4.09975299860376,0.9714953271027768
2283,46.45003730783652,20.460280373831772,12.217289719626168,-1.2648174144628053,0.1308431808064976,6.728971962616796
2288,46.61878465191851,20.37196261682243,11.98177570093458,-0.4797583296238299,-0.3053007552151611,7.338785046728943
2293,46.7875319960005,20.298364485981303,12.114252336448596,-0.9159022656454782,0.5233727232259906,-0.2007221750212442
2298,46.956279340082496,20.06285046728972,12.15841121495327,-0.3053007552151687,-0.0436143936021677,-5.780798640611833
2303,47.12502668416448,20.195327102803738,12.099532710280371,0.7850590848390083,-2.57324922252789,-7.7278037383175375
2308,47.29377402824647,20.327803738317755,11.289953271028038,0.8722878720433176,-2.7477067969364453,-4.255310110450208
2313,47.46252137232846,20.489719626168224,11.172196261682243,2.224334073710465,0.959516659247644,-2.7967289719626782
2318,47.63126871641045,21.0785046728972,11.613785046728973,1.9428229877328536,2.616863616129968,-2.4889549702634257
2324,47.83376552930884,21.210981308411213,12.143691588785046,0.3171955898339482,-0.1982472436462176,-2.3845794392522675
2329,48.00251287339082,21.19626168224299,11.54018691588785,0.0872287872043354,-5.669871168281798,1.1240441801189651
2334,48.17126021747281,21.240420560747665,10.230140186915888,0.7850590848389858,-4.535896934625246,2.5136592379583638
2339,48.340007561554806,21.46121495327103,10.009345794392525,-1.00313105284981,2.049876499301796,-1.0303738317756848
2344,48.5087549056368,20.901869158878505,10.92196261682243,-2.529634828925621,5.757099955485891,-4.945794392523225
2349,48.67750224971879,20.60747663551402,11.95233644859813,-2.0934908929040503,0.9595166592476898,-3.4122769753610167
2354,48.84624959380077,20.195327102803738,11.245794392523363,-0.7850590848390189,0.305300755215174,0.4783878504673002
2359,49.01499693788276,20.34252336448598,12.0553738317757,-0.348915148817327,2.7477067969364453,2.890399320305914
2364,49.18374428196476,20.077570093457943,12.173130841121496,-2.5732492225277817,0.3053007552151611,3.885981308411104
2369,49.35249162604675,19.47406542056075,12.15841121495327,-1.9428229877328536,-0.8722878720433243,-0.4817332200509861
2375,49.55498843894514,19.356308411214957,11.84929906542056,0.0,-0.2775461411047047,-3.091121495327158
2380,49.72373578302712,19.47406542056075,12.0553738317757,2.8349355841408963,1.4392749888715346,-3.135280373831686
2385,49.89248312710911,20.31308411214953,12.335046728971962,4.056138605001421,0.4361439360216588,-2.408666100254835
2390,50.0612304711911,20.842990654205607,12.202570093457943,2.137105286506123,-1.0467454464519812,-0.5519859813084234
2395,50.229977815273095,21.03434579439252,11.98177570093458,1.657346956882373,-0.8722878720433543,-2.408666100254928
2400,50.398725159355074,21.40233644859813,11.908177570093455,1.4828893824737024,-1.090359840054193,-4.636682242990523
2405,50.56747250343707,21.534813084112148,11.613785046728973,1.9190333184952988,-1.7445757440866352,-1.003610875106182
2410,50.73621984751906,22.05,11.319392523364485,2.922164371345119,-1.352046201667137,-0.2575934579439298
2415,50.90496719160105,22.52102803738318,11.15747663551402,3.7508378497862553,-8.330349178013673,-2.207943925233685
2420,51.073714535683045,23.315887850467288,8.507943925233645,2.4860204353235544,-9.289865837261718,-1.854672897196209
2425,51.242461879765024,23.36004672897196,8.022196261682243,-0.3053007552151687,1.4392749888715293,-2.408666100254929
2430,51.41120922384702,23.21285046728972,8.993691588785046,0.8286734784411465,5.102884051453403,-0.4817332200509861
2435,51.57995656792901,23.639719626168223,9.744392523364484,0.2180719680108241,4.274210573012256,2.075467289719567
2440,51.748703912011,23.28644859813084,10.436214953271028,-1.1775886272584737,6.149629497905384,-0.4415887850467201
2445,51.917451256093,23.242289719626168,11.819859813084111,-0.9159022656455168,4.928426477044947,-2.0975467289720067
2450,52.086198600174974,22.97733644859813,12.099532710280371,-1.1339742336563603,0.915902265645522,-0.2007221750212442
2455,52.25494594425697,22.859579439252336,12.128971962616822,-0.0872287872043317,-0.1744575744086635,2.2962616822429243
2460,52.42369328833896,22.94789719626168,12.040654205607476,0.9595166592476494,-0.74144469123682,1.8466440101953736
2465,52.59244063242095,23.18341121495327,11.878738317757009,0.7414446912368459,-0.5669871168281803,1.2143691588785317
2470,52.76118797650293,23.198130841121493,11.84929906542056,-0.610601510430348,0.4797583296238449,2.0875106202209386
2475,52.92993532058493,22.97733644859813,12.040654205607476,0.4361439360216588,-0.2180719680108294,0.6623831775700737
2480,53.09868266466692,23.345327102803736,11.775700934579438,0.8722878720433176,-1.2212030208606446,-0.8430331350892257
2485,53.26743000874891,23.271728971962617,11.628504672897195,-0.8722878720433176,0.4797583296238247,0.4817332200509861
2490,53.4361773528309,23.05093457943925,11.937616822429906,-1.3084318080650412,1.1101845644188189,2.870327102803656
2496,53.63867416572928,22.785981308411213,12.040654205607476,-0.0396494487292387,-0.2775461411047047,2.167799490229351
2501,53.80742150981127,23.036214953271028,11.834579439252336,1.4426299422254725,-0.7380897378827976,2.35514018691594
2509,54.07741726034247,23.41892523364486,11.71682242990654,1.100744219483236,-1.88995705609386,1.4050552251487094
2522,54.51616035495564,23.816355140186914,10.495093457943923,0.6427384320319439,-2.9152778881448853,-3.3560747663550443
2528,54.71865716785401,23.83107476635514,9.847429906542056,-0.3171955898339482,-3.885645975465866,-1.766355140186881
2533,54.887404511936005,23.69859813084112,9.052570093457945,0.348915148817327,-4.230596179410085,0.4415887850467365
2538,55.056151856018,23.94883177570093,8.4196261682243,-0.1356892245400741,-1.841496618758148,0.0401444350042488
2578,56.40613060867391,23.49252336448598,6.255841121495327,-0.4555281109559644,-0.377991411218778,2.4287383177569764
2583,56.57487795275591,23.25700934579439,7.845560747663551,1.2648174144628157,9.33348023086349,3.679906542056023
2588,56.7436252968379,23.91939252336449,9.405841121495326,1.4392749888714793,10.249382496508977,2.68967714528467
2593,56.91237264091989,23.742757009345794,11.304672897196262,-1.1477472000570172,2.2801911041132734,2.4889549702634284
2645,58.66734501937258,21.71144859813084,13.792289719626169,-0.1319909280065584,0.0918197760045611,1.7221962616821926
2669,59.47733227096612,23.404205607476637,11.54018691588785,1.362949800067709,-1.9762772100981776,1.8064995751911253
2677,59.74732802149732,23.18341121495327,11.657943925233644,-0.1795886795383287,0.205244205186665,0.0367990654205615
2686,60.05107324084489,23.301168224299065,11.657943925233644,0.1246125531490483,-0.2492251062980967,-3.7735768903993887
2696,60.38856792900888,15.75,13.718691588785047,0.2544172960126334,-2.2170650081101257,-5.564018691588625
2708,60.793561554805656,23.00677570093458,11.245794392523363,-0.1453813120072201,2.006262105699683,-1.3247663551402094
2718,61.13105624296963,23.271728971962617,11.657943925233644,0.1090359840054181,1.1176188360555326,1.2444774851317142
2724,61.333553055868016,23.06565420560748,11.84929906542056,-0.2754593280136841,0.2295494400114034,-0.6476635514018696
2737,61.77229615048119,23.095093457943925,11.805140186915889,-0.1308431808065004,-0.0218071968010834,3.2989279824079376
2744,62.00854243219597,22.97733644859813,11.834579439252336,0.4617994616699962,-0.0769665769449993,8.242990654205492
2754,62.34603712035996,23.36004672897196,11.760981308411214,0.6106015104303352,-0.0436143936021668,3.753504672897092
2764,62.68353180852393,23.38948598130841,11.805140186915889,0.3876834986859274,-0.2261487075667909,2.44881053525908
2781,63.2572727784027,23.713317757009342,11.554906542056074,0.5113411663702266,-0.6166172888582127,3.3487149532710974
2793,63.66226640419948,23.88995327102804,11.201635514018692,0.0155765691436292,-0.2492251062980986,2.6896771452846724
2809,64.20225790526183,23.72803738317757,11.319392523364485,-0.3946064183053263,-1.266894290348671,3.0469626168223454
2814,64.37100524934382,23.61028037383177,10.30373831775701,0.3925295424194981,0.74144469123682,1.9670773152081933
2835,65.07974409448818,16.427102803738318,13.571495327102804,-0.026168636161301,-3.279802398882927,-1.766355140186949
2869,66.22722603424572,23.816355140186914,6.035046728971962,5.580405745507935,-5.289643121493494,-0.2207943925233583
2874,66.39597337832771,23.772196261682243,6.60911214953271,0.3779914112187744,-1.8027282688895208,-0.2408666100254837
2884,66.7334680664917,24.007710280373832,5.122429906542056,0.4634029320230238,-2.589604620128679,-2.13434579439257
2890,66.93596487939007,24.02242990654205,5.210747663551402,-0.7533395258556319,-0.67404062839714,0.0401444350042488
2895,67.10471222347206,23.72803738317757,4.872196261682243,-0.348915148817327,-0.6542159040324882,0.0883177570093433
2920,67.94844894388203,8.051635514018692,6.9476635514018685,-0.1401891222926775,2.3987916481191798,-1.4451996601529022
2933,68.38719203849519,23.404205607476637,7.418691588785046,-0.1744575744086635,4.012524211399261,-2.870327102803801
2938,68.55593938257718,23.713317757009342,8.610981308411215,0.6542159040324934,5.97517192349672,-2.167799490229437
2943,68.72468672665917,23.625,9.435280373831777,-5.392325027176951,2.727882072571869,-1.72219626168219
2993,70.41216016747907,13.703971962616825,13.674532710280374,-0.0452602197758339,0.5348935064416676,-2.127655055225184
3049,72.30213042119735,23.46308411214953,11.348831775700932,4.811883097419387,-1.751725644677192,-1.8867884451996957
3054,72.47087776527934,23.61028037383177,10.06822429906542,0.1308431808065029,-5.582642381077227,-1.5014018691588369
3059,72.63962510936133,23.50724299065421,9.464719626168224,-1.6137325632801325,-2.7913211905386164,-1.686066270178386
3064,72.80837245344333,23.06565420560748,9.126168224299064,-0.9159022656454888,1.1775886272584788,-2.5391355140187453
3069,72.97711979752532,23.198130841121493,9.86214953271028,1.9626477120974597,5.800714349088062,-1.9670773152081908
3074,73.14586714160731,23.72803738317757,11.083878504672898,-0.5669871168281989,5.495413593873359,0.3974299065420451
3079,73.31461448568928,23.00677570093458,11.71682242990654,-0.7269065600361252,-1.4295829014043795,1.204333050127416
3092,73.75335758030246,23.28644859813084,10.215420560747663,-0.3876834986859153,-3.561842144176844,-2.106038820992144
3097,73.92210492438446,22.77126168224299,9.55303738317757,-1.1101845644188189,1.784225192815959,-4.379088785046821
3103,74.12460173728283,22.87429906542056,10.877803738317755,1.34808125679428,6.304262347949717,-4.504205607476508
3108,74.29334908136482,23.271728971962617,11.893457943925233,1.3395849463522738,1.4953506377885766,-4.134876805437468
3117,74.5970943007124,23.50724299065421,11.584345794392522,0.9034410103305968,-0.8099815954688144,-3.2383177570094137
3122,74.76584164479439,23.69859813084112,11.5107476635514,0.348915148817327,0.9159022656454836,-1.9269328802039432
3127,74.93458898887638,23.625,11.893457943925233,0.5233727232259906,-0.1308431808064976,3.311915887850374
3132,75.10333633295838,23.87523364485981,11.466588785046728,0.654215904032483,-1.090359840054147,2.448810535259083
3147,75.60957836520436,5.961448598130841,15.88247663551402,-0.0212753139522763,-5.244364889236104,-2.502336448598185
3183,76.82455924259469,23.41892523364486,5.2401869158878505,-1.91903331849546,7.152760550755802,-0.7225998300764791
3188,76.99330658667665,23.168691588785045,6.682710280373832,-0.4361439360216955,8.155891603605701,-0.0441588785046716
3193,77.16205393075865,23.271728971962617,7.992757009345794,-0.2907626240144433,-3.30742484816429,-3.8940101954121342
3212,77.8032938382702,22.933177570093456,4.003738317757009,-3.361942840166998,-4.52499333622477,-1.3649107901444597
3217,77.9720411823522,20.54859813084112,4.327570093457944,-6.575708573864916,5.200177698719706,2.0313084112148942
3225,78.2420369328834,20.04813084112149,6.285280373831776,-1.3084318080649553,7.213149711127334,0.8831775700934391
3230,78.41078427696539,19.97453271028037,7.492289719626168,-1.0467454464519812,7.763362061185519,0.8095794392523542
3235,78.57953162104738,19.69485981308411,8.9053738317757,-1.199395824059583,10.903598400541616,0.8028887000849768
3242,78.81577790276216,19.48878504672897,11.908177570093455,1.4174677920704066,6.7602310083358015,1.7663551401868656
3247,78.98452524684416,20.268925233644858,11.64322429906542,3.968909817797424,-1.5265037760759343,2.850254885301553
3252,79.15327259092612,20.82827102803738,11.392990654205606,3.3583083073670608,-0.4361439360216955,3.716705607476715
3257,79.32201993500811,21.40233644859813,11.496028037383176,3.401922700968939,0.2180719680108294,4.335598980458872
3262,79.49076727909011,21.97640186915888,11.466588785046728,2.137105286506123,-0.1744575744086635,1.5455607476635058
3267,79.6595146231721,22.12359813084112,11.43714953271028,1.48288938247364,-0.2180719680108294,-1.8064995751911956
3272,79.8282619672541,22.476869158878504,11.392990654205606,2.0062621056996304,-0.2616863616129953,0.4691880841121515
3277,79.99700931133609,22.80070093457944,11.348831775700932,1.447204878617331,-0.8128136989494589,0.9383761682242764
3294,80.57075028121486,23.55140186915888,10.789485981308411,-1.4416980107382795,2.192834789442258,-0.2207943925233693
3313,81.21199018872642,21.049065420560748,14.013084112149532,-2.1807196801083664,2.834935584140877,1.525488530161456
3328,81.71823222097237,21.049065420560748,14.04252336448598,2.02747991880344,-1.921390853284656,6.7526285046728
3350,82.46072053493313,23.580841121495325,11.613785046728973,2.587787353728505,-2.486020435323453,7.507009345794435
3358,82.73071628546433,23.66915887850467,11.525467289719623,0.7380897378827976,-1.040035539743938,5.1786321155481
3363,82.89946362954632,23.90467289719626,11.15747663551402,0.269993865156274,-0.1038437942908736,5.254906542055924
3379,83.43945513060868,23.86051401869159,11.451869158878504,-0.6169841046160254,-5.425205057830565,3.091121495327036
3404,84.28319185101861,23.05093457943925,3.650467289719626,-2.108029024104741,-7.0946080259525095,-1.3983644859813391
3409,84.4519391951006,21.726168224299062,4.268691588785047,-5.408184806668559,5.844328742690225,-2.8502548853016627
3414,84.6206865391826,21.22570093457944,5.6228971962616825,-1.177588627258484,8.417577965218006,-3.091121495327012
3419,84.78943388326459,21.328738317757008,7.109579439252336,1.1339742336563128,8.853721901239668,-2.6896771452846724
3424,84.95818122734659,21.60841121495327,8.610981308411215,5.313026129718633,8.088487540765675,-1.4050552251487094
3430,85.16067804024496,23.301168224299065,10.112383177570091,2.4424060417213544,-1.6718850880830722,-0.662383177570075
3454,85.97066529183851,24.081308411214952,6.91822429906542,0.7970906416947632,-3.218441458918483,-1.2043330501274183
3459,86.13941263592051,24.081308411214952,6.962383177570093,0.2616863616129953,1.788190137688801,-2.4287383177570585
3464,86.3081599800025,24.169626168224298,7.521728971962617,-0.3436285556534351,-2.405399889574044,0.0802888700084976
3492,87.25314510686164,23.69859813084112,4.283411214953271,-1.2687823593357606,-2.3525339579350546,1.6338785046728466
3497,87.42189245094363,22.756542056074764,4.901635514018691,-5.233727232259895,5.45179920027073,-1.8466440101953705
3502,87.59063979502562,21.932242990654206,6.123364485981308,-1.00313105284981,7.545290093174692,-3.532710280373816
3507,87.75938713910762,22.417990654205607,7.448130841121495,2.704092403334274,7.937819635594182,-3.915420560747666
3512,87.92813448318961,22.84485981308411,8.80233644859813,2.660478009732113,7.806976454787687,-2.8873112868440685
3517,88.0968818272716,23.315887850467288,10.082943925233645,1.4780433387401242,3.828374549523593,-3.1714103653356536
3530,88.53562492188476,23.742757009345794,11.12803738317757,-2.577214167400825,5.194077783530898,-3.400233644859713
3557,89.44686057992752,13.497897196261682,14.35163551401869,0.7129275877277244,-1.8452243447070524,-3.091121495327161
3643,92.34931489813772,23.90467289719626,7.462850467289719,3.2256478601602563,-2.212521842109922,-4.857476635514107
3653,92.6868095863017,23.94883177570093,7.1831775700934575,-0.4846043733574017,-3.7799141121877295,-5.660365335598862
3670,93.26055055618048,23.46308411214953,4.018457943925234,-2.101420782649827,-2.4780905455776234,-4.094732370433218
3675,93.42929790026248,22.38855140186916,5.343224299065421,-2.5296348289256105,8.548421146024507,2.08751062022094
3680,93.59804524434446,22.609345794392524,6.9035046728971965,1.831804531290967,8.766493114035336,3.532710280373905
3685,93.76679258842644,23.00677570093458,8.301869158878505,2.137105286506123,7.588904486776856,-1.9269328802038697
3690,93.93553993250843,23.330607476635517,9.464719626168224,1.1544986541749875,5.002827501424957,-3.8418224299064327
3702,94.34053355830522,23.66915887850467,11.172196261682243,-0.0290762624014456,-4.157905523406555,-1.5254885301614536
3735,95.45426602924636,23.28644859813084,3.15,-1.3199092800655683,-5.176339872257144,0.762744265080728
3740,95.62301337332836,21.97640186915888,4.533644859813084,-3.053007552151858,6.891074189142786,2.5170560747662827
3745,95.79176071741033,22.25607476635514,5.475700934579439,-0.5233727232260347,6.062400710701565,3.8538657604078863
3750,95.9605080614923,21.799766355140186,6.579672897196262,-0.7414446912368252,6.891074189142204,0.5620220900594838
3755,96.1292554055743,22.00584112149533,7.8014018691588785,2.442406041721289,7.283603731561694,2.9193925233644435
3760,96.29800274965628,22.624065420560747,9.03785046728972,3.053007552151612,7.283603731561697,0.1204333050127465
3765,96.46675009373828,23.036214953271028,10.259579439252336,1.9241644236249813,4.412750411513295,-1.192289719626135
3777,96.87174371953506,23.72803738317757,11.569626168224298,1.211510933393542,1.381122464068638,-1.405055225148707
3783,97.07424053243344,23.772196261682243,11.098598130841122,-0.0235753478930627,-6.011713712730995,-3.6799065420561536
3814,98.1204740657418,23.69859813084112,4.062616822429907,-0.2059568586768987,-5.209497013592106,-5.820943075615854
3819,98.28922140982375,23.521962616822428,4.769158878504673,0.1308431808065139,5.582642381077697,-5.740654205607312
3824,98.45796875390576,23.742757009345794,5.946728971962616,0.2180719680108346,5.58264238107723,-1.686066270178449
3829,98.62671609798775,23.59556074766355,6.653271028037383,-0.2108029024104722,-0.8504806752422457,1.1641886151232164
3884,100.48293688288965,23.315887850467288,4.224532710280374,-0.6760231008335797,-0.7995972160397186,2.075467289719566
3889,100.65168422697164,22.22663551401869,5.03411214953271,-4.9720408706469,5.626256774679393,2.047366185216609
3894,100.82043157105365,21.63785046728972,6.123364485981308,-1.9190333184952988,6.673002221131374,3.716705607476715
3899,100.98917891513562,21.578971962616823,7.286214953271028,-1.177588627258484,6.978302976346538,7.507009345794553
3904,101.15792625921762,21.240420560747665,8.478504672897197,2.049876499301964,7.28360373156231,3.733432455394995
3932,102.10291138607676,13.01214953271028,14.336915887850466,-0.1055186941987892,-3.172595405576954,0.562022090059462
3971,103.41914066991626,22.05,3.105841121495327,5.253551956624664,-6.799880457065131,4.011098130841205
3986,103.92538270216224,18.07570093457944,6.771028037383178,-5.146498445055574,8.286734784411513,5.178632115548096
3991,104.09413004624425,17.928504672897194,8.169392523364486,3.687398731819653,7.771291950931725,3.4002336448597186
3997,104.2966268591426,19.4446261682243,9.65607476635514,6.224963450491229,7.810941399660971,0.1605777400169891
4002,104.4653742032246,20.23948598130841,11.069158878504672,4.49228254102308,6.585773433927042,0.993574766355162
4007,104.6341215473066,20.9607476635514,11.878738317757009,5.277341625862077,2.093490892903957,2.850254885301668
4012,104.80286889138858,22.020560747663552,11.775700934579438,4.884812083442578,-0.6978302976346541,2.428738317756937
4017,104.97161623547058,22.609345794392524,11.64322429906542,2.8785499777429377,-0.4797583296238247,2.769966015293165
4022,105.14036357955256,22.992056074766356,11.613785046728973,2.267948467312616,-0.3925295424194929,1.003610875106221
4027,105.30911092363456,23.374766355140185,11.5107476635514,1.875418924893138,-0.2616863616129953,-2.7378504672896384
4032,105.47785826771656,23.625,11.525467289719623,1.2648174144629225,-3.663609062582237,-2.769966015293058
4037,105.64660561179852,23.80163551401869,10.27429906542056,1.0031310528498945,-6.32408707231458,-3.79030373831784
4042,105.81535295588051,23.96355140186916,9.391121495327102,0.0649576074925866,-3.693303968864271,-2.6896771452846724
4084,107.23283064616923,23.90467289719626,4.415887850467289,-0.0742372657058145,-3.127244817857435,3.0028037383176738
4089,107.40157799025124,23.845794392523363,4.4306074766355135,-0.5330648106931585,-1.696115306750957,0.1204333050127418
4102,107.8403210848644,23.580841121495325,3.385514018691589,-1.4053526827365088,0.4846043733574168,-3.8639018691589633
4107,108.0090684289464,22.992056074766356,4.725,-1.5701181696779716,7.850590848389852,-3.372132540356898
4112,108.1778157730284,23.05093457943925,6.035046728971962,1.7009613504844745,6.498544646722711,-3.8859813084111017
4117,108.34656311711038,23.566121495327103,6.91822429906542,2.0062621056996304,5.05926965785124,-5.258920985556596
4122,108.51531046119236,23.72803738317757,7.742523364485981,-0.785059084839052,4.317824966614785,-7.985397196261854
4127,108.68405780527434,23.301168224299065,8.375467289719627,0.0872287872043391,4.579511328227798,-6.101954120645585
4132,108.85280514935631,23.757476635514017,9.288084112149532,-1.0998412299676532,-6.143940663957232,-3.3119158878503727
4150,109.46029558805152,22.44742990654205,3.606308411214953,-3.01508199249753,-6.883489077211341,-0.8028887000849744
4155,109.6290429321335,21.417056074766357,3.944859813084112,-6.847459795540038,4.972040870646907,-0.6423109600679803
4160,109.7977902762155,20.13644859813084,5.284345794392523,-6.367701465916745,8.37396357161655,-3.0028037383176724
4165,109.96653762029746,19.267990654205608,6.771028037383178,-3.83806663699092,8.504806752423058,2.0072217502123637
4170,110.13528496437944,18.8411214953271,8.154672897196262,1.0903598400541417,8.461192358820172,4.158294392523453
4175,110.30403230846144,19.63598130841121,9.626635514018693,4.928426477044739,9.507937805272151,0.1605777400169953
4180,110.47277965254344,20.504439252336446,11.363551401869158,3.8380666369905976,7.196374944357365,-0.3091121495327017
4185,110.64152699662544,20.931308411214957,12.0553738317757,2.529634828925621,2.137105286506128,7.10556499575204
4190,110.81027434070742,21.358177570093456,12.084813084112149,2.660478009732113,-0.2180719680108294,-1.5455607476635085
4195,110.97902168478942,21.829205607476634,11.98177570093458,2.878549977742948,-1.8754189248931328,0.1605777400169891
4200,111.1477690288714,22.32967289719626,11.451869158878504,3.4455370945710992,-0.5669871168281564,1.508761682243024
4205,111.3165163729534,22.992056074766356,11.790420560747664,2.7477067969366766,0.8722878720433911,1.9670773152081933
4210,111.48526371703537,23.25700934579439,11.74626168224299,0.5233727232260347,0.0872287872043391,0.132476635514015
4215,111.65401106111736,23.168691588785045,11.819859813084111,-0.348915148817327,-1.788190137688796,-4.295454545454457
4220,111.82275840519937,23.1392523364486,11.142757009345797,0.6978302976346541,-1.48288938247364,-2.615564342199918
4225,111.99150574928134,23.404205607476637,11.319392523364485,0.5233727232259906,1.3956605952693029,0.1839953271028077
4230,112.16025309336334,23.315887850467288,11.613785046728973,-0.6978302976346541,1.439274988871474,0.1766355140186866
4235,112.32900043744532,23.168691588785045,11.805140186915889,-0.6106015104303223,0.6542159040324882,-0.8463785046728858
4240,112.49774778152732,23.109813084112147,11.834579439252336,-0.0872287872043317,-0.1308431808064976,-0.4415887850467254
4245,112.66649512560932,23.1392523364486,11.760981308411214,0.6542159040324934,-0.5233727232259906,-1.545560747663583
4250,112.83524246969132,23.330607476635517,11.657943925233644,0.6106015104303737,-1.1775886272585778,-4.739719626168224
4255,113.00398981377327,23.345327102803736,11.363551401869158,-0.8722878720433911,-0.0872287872043391,0.2649532710280358
4260,113.17273715785528,23.036214953271028,11.628504672897195,-0.6978302976346541,0.2616863616129953,7.025276125743543
4265,113.34148450193726,23.109813084112147,11.451869158878504,0.654215904032483,-0.4361439360216588,-0.2207943925233583
4270,113.51023184601924,23.25700934579439,11.481308411214952,0.3925295424194981,0.1744575744086635,-3.9742990654206327
4275,113.67897919010124,23.242289719626168,11.5107476635514,-0.8722878720433176,1.5265037760758058,-3.3319881053526514
4280,113.84772653418324,22.962616822429904,11.996495327102805,-1.1339742336563128,0.6106015104303223,-3.7535046728970896
4285,114.01647387826524,22.859579439252336,11.71682242990654,-0.8722878720433176,-1.090359840054147,-0.3612999150382232
4290,114.18522122234722,22.668224299065415,11.628504672897195,-0.3925295424194981,-1.2212030208606397,1.6927570093458295
4295,114.35396856642922,22.727102803738315,11.304672897196262,0.5669871168282095,-5.36457041306685,-0.240866610025493
4300,114.52271591051118,22.859579439252336,9.817990654205609,0.4797583296238703,-3.794452243388751,-0.9273364485981024
4305,114.69146325459316,22.889018691588785,10.024065420560747,-0.1744575744086635,4.230596179410091,0.4415887850467348
4310,114.86021059867517,22.80070093457944,11.245794392523363,-1.9190333184952988,5.800714349088056,5.018054375530906
4315,115.02895794275716,22.241355140186915,11.98177570093458,-4.841197689840407,3.183850732958104,4.977909940526661
4320,115.19770528683917,21.166822429906546,12.320327102803738,-4.623125721829584,-0.348915148817327,0.2207943925233654
4325,115.36645263092116,20.681074766355135,11.864018691588784,-1.0031310528498203,-1.5701181696779716,0.9935747663551444
4330,115.53519997500314,20.82827102803738,11.790420560747664,-0.3925295424194877,-4.797583296238241,1.0303738317757605
4335,115.70394731908512,20.54859813084112,10.244859813084112,-0.0436143936021606,-8.810107507637502,0.6021665250637068
4340,115.87269466316712,20.81355140186916,8.817056074766354,1.2648174144629118,-5.36457041306685,3.572854715378006
4345,116.04144200724907,20.975467289719624,8.434345794392524,2.4860204353236592,-0.3053007552151816,4.817332200509674
4350,116.21018935133108,21.652570093457943,8.714018691588786,3.925295424194929,0.7850590848389858,2.6093882752760686
4355,116.37893669541307,22.30023364485981,8.699299065420561,2.3987916481191287,1.6137325632801325,2.6127336448599587
4360,116.54768403949508,22.46214953271028,9.258644859813083,0.8722878720433176,5.146498445055569,1.9269328802038697
4365,116.71643138357706,22.5946261682243,10.436214953271028,-0.8722878720433176,7.327218125163863,-3.492565845369509
4370,116.88517872765904,22.167757009345795,11.731542056074764,-5.059269657851242,5.887943136292389,-0.1103971962616885
4375,117.05392607174105,20.88714953271028,12.423364485981308,-3.053007552151612,0.6106015104303223,2.968457943925261
4380,117.22267341582304,21.137383177570094,11.937616822429906,-1.3956605952693082,-2.311562860914792,1.532572842220935
4385,117.39142075990505,20.4161214953271,11.64322429906542,-0.6106015104303223,-0.5233727232259906,2.288232795242095
4390,117.56016810398702,20.931308411214957,11.760981308411214,3.3583083073670608,-1.3956605952694203,0.6991822429906944
4395,117.728915448069,21.54953271028037,11.172196261682243,1.657346956882443,0.9159022656455608,-1.8867884451996224
4400,117.89766279215098,21.49065420560748,12.070093457943925,0.2180719680108241,0.348915148817327,-2.529099405267579
4405,118.06641013623296,21.62313084112149,11.289953271028038,0.6978302976346541,-8.461192358820176,-4.585729690869837
4410,118.23515748031495,21.726168224299062,9.21448598130841,0.0436143936021711,-11.296127942960958,-5.57081236520484
4415,118.40390482439696,21.63785046728972,7.477570093457944,0.7414446912368147,-5.757099955485891,-3.2383177570095323
4420,118.57265216847895,21.97640186915888,7.271495327102803,1.3956605952693082,1.2648174144628106,-0.4817332200509674
4425,118.74139951256096,22.108878504672894,7.904439252336449,-0.1744575744086635,4.928426477044739,-1.967077315208115
4430,118.91014685664294,21.91752336448598,8.934813084112148,0.9595166592476494,6.411315859518379,-2.27588066139466
4435,119.07889420072492,22.432710280373836,10.06822429906542,3.227465126560547,7.981434029197023,0.9171459381739682
4440,119.2476415448069,23.00677570093458,11.628504672897195,1.6573469568824324,5.059269657851663,1.9503504672898293
4445,119.41638888888887,22.992056074766356,11.775700934579438,0.6106015104303223,0.6542159040324882,-1.5804230201672604
4450,119.58513623297088,23.21285046728972,11.84929906542056,0.5233727232259906,-0.0436143936021658,0.294392523364475
4455,119.75388357705287,23.168691588785045,11.760981308411214,-0.3171955898339239,-0.0792988974584809,6.02166525063709
4461,119.95638038995128,23.095093457943925,11.819859813084111,-0.3634532800180198,0.2907626240144229,1.9871495327103947
